Column A,B,C,D,E
0.9034822144192743,0.3930805066502425,0.6239699612977534,0.6378774010222266,0.8804990687782621
0.2991720193952575,0.7021982701865517,0.9032061613222434,0.8813819264816171,0.4057497979799133
0.4524466205654071,0.2670703235948052,0.1628648702919251,0.8892146954077474,0.1484762258202882
0.9847234850366756,0.03236121947224102,0.5153507541718032,0.2011290467836626,0.8860108739279021
0.5136199191664294,0.5783015865898744,0.2992826530253295,0.8371974044252025,0.5266498302067891
